Timestamp[s],Einspeisung[W],Netztbezug[W],Solarleistung[W],Batterieladeleistung[W],Batterieentladung[W]
1407103352,9.12341137124,4.96755852843,NaN,NaN,NaN
1407103354,NaN,NaN,NaN,0,376.428571429
1407103651,4.536,6.40866666667,NaN,NaN,NaN
1407103656,NaN,NaN,NaN,0,361.071428571
1407103951,7.73344481605,9.79331103679,NaN,0,350.740740741
1407104248,NaN,NaN,NaN,0,355.714285714
1407104251,5.0342192691,6.94086378738,NaN,NaN,NaN
1407104549,NaN,NaN,NaN,0,348.214285714
1407104551,4.62633333333,6.93333333333,NaN,NaN,NaN
1407104850,NaN,NaN,NaN,0,356.785714286
1407104851,4.22166666667,5.42366666667,NaN,NaN,NaN
1407105150,NaN,NaN,NaN,0,474.642857143
1407105151,7.241,9.63266666667,NaN,NaN,NaN
1407105451,4.52933333333,5.29766666667,NaN,0,468.571428571
1407105751,4.692,5.308,NaN,NaN,NaN
1407105752,NaN,NaN,NaN,0,457.5
1407106051,4.40133333333,6.26366666667,NaN,NaN,NaN
1407106054,NaN,NaN,NaN,0,432.142857143
1407106352,3.63887043189,4.49800664452,NaN,NaN,NaN
1407106354,NaN,NaN,NaN,0,430.357142857
1407106652,5.99899665552,6.18929765886,NaN,NaN,NaN
1407106655,NaN,NaN,NaN,0,394.642857143
1407106952,5.61096345515,5.99102990033,NaN,NaN,NaN
1407106956,NaN,NaN,NaN,0,360.714285714
1407107252,5.49533333333,5.57933333333,NaN,0,362.592592593
1407107548,NaN,NaN,NaN,0,377.142857143
1407107552,8.589,9.57,NaN,NaN,NaN
1407107849,NaN,NaN,NaN,0,352.857142857
1407107852,4.19130434783,5.92107023411,NaN,NaN,NaN
1407108150,NaN,NaN,NaN,0,339.642857143
1407108151,3.91133333333,5.02933333333,NaN,NaN,NaN
1407108451,3.86478405316,6.15249169435,NaN,0,342.142857143
1407108751,5.914,4.80033333333,NaN,NaN,NaN
1407108752,NaN,NaN,NaN,0,341.428571429
1407109051,4.75117056856,7.10568561873,NaN,NaN,NaN
1407109053,NaN,NaN,NaN,0,337.142857143
1407109351,7.53355481728,10.0946843854,NaN,NaN,NaN
1407109354,NaN,NaN,NaN,0,352.142857143
1407109651,6.42533333333,8.07566666667,NaN,NaN,NaN
1407109655,NaN,NaN,NaN,0,424.642857143
1407109951,3.54966666667,4.87933333333,NaN,0,497.777777778
1407110247,NaN,NaN,NaN,0,473.928571429
1407110251,4.501,4.423,NaN,NaN,NaN
1407110548,NaN,NaN,NaN,0,434.642857143
1407110551,9.292,7.164,NaN,NaN,NaN
1407110849,NaN,NaN,NaN,0,297.142857143
1407110851,3.31966666667,5.98933333333,NaN,NaN,NaN
1407111150,NaN,NaN,NaN,0,293.214285714
1407111151,3.85766666667,5.15,NaN,NaN,NaN
1407111451,5.32433333333,5.75066666667,NaN,0,235.714285714
1407111751,4.25366666667,4.82733333333,NaN,NaN,NaN
1407111752,NaN,NaN,NaN,0,209.642857143
1407112052,4.73455149502,5.86644518272,NaN,0,203.214285714
1407112352,4.4745819398,4.34849498328,NaN,NaN,NaN
1407112353,NaN,NaN,NaN,0,206.785714286
1407112651,3.94333333333,5.001,NaN,NaN,NaN
1407112654,NaN,NaN,NaN,0,204.285714286
1407112952,4.15481727575,5.92724252492,NaN,NaN,NaN
1407112955,NaN,NaN,NaN,0,206.428571429
1407113252,4.65333333333,5.564,NaN,NaN,NaN
1407113256,NaN,NaN,NaN,0,207.142857143
1407113551,4.71939799331,5.75050167224,NaN,0,205.925925926
1407113847,NaN,NaN,NaN,0,205.357142857
1407113851,4.57342192691,6.29169435216,NaN,NaN,NaN
1407114148,NaN,NaN,NaN,0,208.571428571
1407114151,4.72240802676,4.8635451505,NaN,NaN,NaN
1407114449,NaN,NaN,NaN,0,246.071428571
1407114451,6.35448504983,8.55481727575,NaN,NaN,NaN
1407114750,NaN,NaN,NaN,0,308.928571429
1407114751,3.86766666667,5.481,NaN,NaN,NaN
1407115051,4.15,4.89233333333,NaN,0,301.428571429
1407115351,3.65433333333,4.933,NaN,NaN,NaN
1407115352,NaN,NaN,NaN,0,295.357142857
1407115651,4.99366666667,5.053,NaN,NaN,NaN
1407115653,NaN,NaN,NaN,0,295.357142857
1407115951,4.04333333333,5.87633333333,NaN,NaN,NaN
1407115954,NaN,NaN,NaN,0,292.5
1407116252,5.10996677741,6.10996677741,NaN,NaN,NaN
1407116255,NaN,NaN,NaN,0,228.571428571
1407116552,4.63311036789,5.25585284281,NaN,NaN,NaN
1407116555,NaN,NaN,NaN,0,205.357142857
1407116851,4.16,6.335,NaN,NaN,NaN
1407116856,NaN,NaN,NaN,0,221.785714286
1407117152,3.97607973422,4.93388704319,NaN,0,221.481481481
1407117448,NaN,NaN,NaN,0,219.642857143
1407117452,3.85733333333,4.87933333333,NaN,NaN,NaN
1407117749,NaN,NaN,NaN,0,216.785714286
1407117752,4.4635451505,5.98294314381,NaN,NaN,NaN
1407118050,NaN,NaN,NaN,0,206.785714286
1407118052,4.38438538206,4.34518272425,NaN,NaN,NaN
1407118351,NaN,NaN,NaN,0,202.5
1407118352,4.14113712375,5.64882943144,NaN,NaN,NaN
1407118651,3.69667774086,4.20996677741,NaN,NaN,NaN
1407118652,NaN,NaN,NaN,0,203.214285714
1407118951,4.69066666667,4.96033333333,NaN,NaN,NaN
1407118953,NaN,NaN,NaN,0,204.285714286
1407119251,4.46421404682,7.88227424749,NaN,NaN,NaN
1407119253,NaN,NaN,NaN,0,228.214285714
1407119551,4.6,3.96810631229,NaN,NaN,NaN
1407119554,NaN,NaN,NaN,0,309.285714286
1407119851,3.501,4.869,NaN,NaN,NaN
1407119855,NaN,NaN,NaN,0,298.214285714
1407120151,3.86266666667,6.21133333333,NaN,NaN,NaN
1407120156,NaN,NaN,NaN,0,294.642857143
1407120451,4.34733333333,5.28466666667,NaN,NaN,NaN
1407120452,NaN,NaN,NaN,0,291.851851852
1407120748,NaN,NaN,NaN,0,291.428571429
1407120751,4.32066666667,5.58133333333,NaN,NaN,NaN
1407121049,NaN,NaN,NaN,0,240.714285714
1407121051,5.15333333333,5.41366666667,NaN,NaN,NaN
1407121350,NaN,NaN,NaN,0,198.214285714
1407121351,4.92,5.71966666667,NaN,NaN,NaN
1407121651,4.811,4.81566666667,NaN,0,201.071428571
1407121951,3.787,6.39433333333,NaN,NaN,NaN
1407121952,NaN,NaN,NaN,0,202.5
1407122251,4.59333333333,7.71833333333,NaN,NaN,NaN
1407122253,NaN,NaN,NaN,0,262.857142857
1407122552,4.95448504983,30.8704318937,NaN,NaN,NaN
1407122554,NaN,NaN,NaN,0,1943.92857143
1407122852,29.1277591973,28.9772575251,NaN,NaN,NaN
1407122855,NaN,NaN,NaN,0,1645.35714286
1407123152,32.6916943522,5.74983388704,NaN,NaN,NaN
1407123156,NaN,NaN,NaN,0,1028.92857143
1407123452,6.38266666667,9.28766666667,NaN,0,395.185185185
1407123748,NaN,NaN,NaN,0,537.142857143
1407123751,6.62274247492,9.36555183946,NaN,NaN,NaN
1407124049,NaN,NaN,NaN,0,547.5
1407124050,5.853,6.87233333333,NaN,NaN,NaN
1407124208,NaN,NaN,0,NaN,NaN
1407124350,4.386,5.33633333333,NaN,0,531.428571429
1407124506,NaN,NaN,0,NaN,NaN
1407124650,3.65666666667,6.73833333333,NaN,NaN,NaN
1407124651,NaN,NaN,NaN,0,527.142857143
1407124806,NaN,NaN,0,NaN,NaN
1407124951,7.74053156146,10.0890365449,NaN,NaN,NaN
1407124952,NaN,NaN,NaN,0,532.5
1407125251,8.69133333333,4.875,NaN,NaN,NaN
1407125253,NaN,NaN,NaN,0,412.857142857
1407125551,4.57166666667,6.257,NaN,NaN,NaN
1407125554,NaN,NaN,NaN,0,346.071428571
1407125851,5.86433333333,6.67866666667,NaN,NaN,NaN
1407125855,NaN,NaN,NaN,0,348.928571429
1407126151,5.51433333333,4.867,NaN,NaN,NaN
1407126155,NaN,NaN,NaN,0,348.571428571
1407126312,NaN,NaN,0,NaN,NaN
1407126452,5.95980066445,6.94850498339,NaN,NaN,NaN
1407126456,NaN,NaN,NaN,0,300.357142857
1407126635,NaN,NaN,66,NaN,NaN
1407126752,5.924,8.50266666667,NaN,0,217.777777778
1407126913,NaN,NaN,73,NaN,NaN
1407127048,NaN,NaN,NaN,0,173.928571429
1407127052,6.67993311037,6.38528428094,NaN,NaN,NaN
1407127207,NaN,NaN,89,NaN,NaN
1407127349,NaN,NaN,NaN,0,151.428571429
1407127352,5.95880398671,5.53754152824,NaN,NaN,NaN
1407127507,NaN,NaN,94,NaN,NaN
1407127650,NaN,NaN,NaN,0,146.428571429
1407127652,5.509,6.45233333333,NaN,NaN,NaN
1407127811,NaN,NaN,115,NaN,NaN
1407127951,NaN,NaN,NaN,0,137.5
1407127952,6.179,6.30766666667,NaN,NaN,NaN
1407128126,NaN,NaN,182,NaN,NaN
1407128252,5.16933333333,6.25633333333,NaN,0,117.142857143
1407128415,NaN,NaN,252,NaN,NaN
1407128552,6.705,9.11566666667,NaN,NaN,NaN
1407128553,NaN,NaN,NaN,0,52.8571428571
1407128713,NaN,NaN,294,NaN,NaN
1407128852,6.413,6.046,NaN,NaN,NaN
1407128854,NaN,NaN,NaN,431.785714286,0
1407129008,NaN,NaN,235,NaN,NaN
1407129151,5.71333333333,7.218,NaN,NaN,NaN
1407129155,NaN,NaN,NaN,0,86.0714285714
1407129308,NaN,NaN,201,NaN,NaN
1407129451,7.86166666667,7.627,NaN,NaN,NaN
1407129456,NaN,NaN,NaN,0,631.321428571
1407129621,NaN,NaN,248,NaN,NaN
1407129751,6.03933333333,5.50866666667,NaN,NaN,NaN
1407129753,NaN,NaN,NaN,0,424.777777778
1407129913,NaN,NaN,336,NaN,NaN
1407130049,NaN,NaN,NaN,113.928571429,0
1407130051,6.041,6.83233333333,NaN,NaN,NaN
1407130235,NaN,NaN,386,NaN,NaN
1407130350,NaN,NaN,NaN,225.357142857,0
1407130351,6.68966666667,5.76866666667,NaN,NaN,NaN
1407130510,NaN,NaN,489,NaN,NaN
1407130651,3.99466666667,7.29033333333,NaN,195.714285714,0
1407130811,NaN,NaN,353,NaN,NaN
1407130951,5.92833333333,7.57833333333,NaN,NaN,NaN
1407130952,NaN,NaN,NaN,666.678571429,0
1407131114,NaN,NaN,365,NaN,NaN
1407131251,4.66566666667,8.05566666667,NaN,NaN,NaN
1407131253,NaN,NaN,NaN,0,421.392857143
1407131407,NaN,NaN,347,NaN,NaN
1407131551,4.97933333333,5.895,NaN,NaN,NaN
1407131554,NaN,NaN,NaN,0,540
1407131710,NaN,NaN,273,NaN,NaN
1407131851,3.63233333333,6.379,NaN,NaN,NaN
1407131855,NaN,NaN,NaN,0,92.5
1407132018,NaN,NaN,225,NaN,NaN
1407132151,6.97433333333,9.26066666667,NaN,NaN,NaN
1407132155,NaN,NaN,NaN,0,196.428571429
1407132325,NaN,NaN,272,NaN,NaN
1407132452,7.05946843854,6.49468438538,NaN,NaN,NaN
1407132456,NaN,NaN,NaN,0,203.571428571
1407132614,NaN,NaN,561,NaN,NaN
1407132752,7.07859531773,4.58528428094,NaN,NaN,NaN
1407132753,NaN,NaN,NaN,50,0
1407132912,NaN,NaN,567,NaN,NaN
1407133048,NaN,NaN,NaN,789.357142857,0
1407133052,5.34019933555,5.95282392027,NaN,NaN,NaN
1407133208,NaN,NaN,684,NaN,NaN
1407133349,NaN,NaN,NaN,118.928571429,0
1407133352,5.47658862876,5.27190635452,NaN,NaN,NaN
1407133509,NaN,NaN,788,NaN,NaN
1407133650,NaN,NaN,NaN,342.857142857,0
1407133652,5.91262458472,5.52292358804,NaN,NaN,NaN
1407133811,NaN,NaN,794,NaN,NaN
1407133951,3.36722408027,9.46488294314,NaN,171.071428571,0
1407134110,NaN,NaN,401,NaN,NaN
1407134251,7.44584717608,4.54219269103,NaN,NaN,NaN
1407134252,NaN,NaN,NaN,270.107142857,0
1407134408,NaN,NaN,710,NaN,NaN
1407134551,4.67166666667,7.94866666667,NaN,NaN,NaN
1407134553,NaN,NaN,NaN,1453.35714286,0
1407134711,NaN,NaN,490,NaN,NaN
1407134851,6.87466666667,8.48266666667,NaN,NaN,NaN
1407134853,NaN,NaN,NaN,0,37.5
1407135017,NaN,NaN,671,NaN,NaN
1407135151,9.04533333333,9.89833333333,NaN,NaN,NaN
1407135154,NaN,NaN,NaN,0,209.178571429
1407135319,NaN,NaN,712,NaN,NaN
1407135451,11.1513333333,7.776,NaN,NaN,NaN
1407135455,NaN,NaN,NaN,323.214285714,0
1407135610,NaN,NaN,867,NaN,NaN
1407135752,4.92358803987,7.83687707641,NaN,NaN,NaN
1407135756,NaN,NaN,NaN,352.5,0
1407135909,NaN,NaN,767,NaN,NaN
1407136052,4.28494983278,6.86254180602,NaN,365.185185185,0
1407136207,NaN,NaN,653,NaN,NaN
1407136348,NaN,NaN,NaN,195,0
1407136352,6.20531561462,9.95481727575,NaN,NaN,NaN
1407136509,NaN,NaN,478,NaN,NaN
1407136649,NaN,NaN,NaN,0,1486.03571429
1407136652,49.3966555184,56.4799331104,NaN,NaN,NaN
1407136819,NaN,NaN,507,NaN,NaN
1407136950,NaN,NaN,NaN,0,556.071428571
1407136951,29.3616666667,25.6806666667,NaN,NaN,NaN
1407137109,NaN,NaN,442,NaN,NaN
1407137251,NaN,NaN,NaN,0,114.285714286
1407137252,46.7641196013,45.9910299003,NaN,NaN,NaN
1407137413,NaN,NaN,712,NaN,NaN
1407137551,NaN,NaN,NaN,0,202.142857143
1407137552,10.3053511706,27.274916388,NaN,NaN,NaN
1407137709,NaN,NaN,657,NaN,NaN
1407137851,26.6966666667,15.757,NaN,NaN,NaN
1407137852,NaN,NaN,NaN,0,1159.82142857
1407138008,NaN,NaN,834,NaN,NaN
1407138152,21.203654485,14.8744186047,NaN,NaN,NaN
1407138153,NaN,NaN,NaN,406.928571429,0
1407138316,NaN,NaN,1375,NaN,NaN
1407138452,10.3451505017,13.3294314381,NaN,NaN,NaN
1407138454,NaN,NaN,NaN,382.142857143,0
1407138615,NaN,NaN,937,NaN,NaN
1407138751,5.786,12.6616666667,NaN,NaN,NaN
1407138755,NaN,NaN,NaN,0,586.642857143
1407138910,NaN,NaN,462,NaN,NaN
1407139051,9.80398671096,7.68471760797,NaN,NaN,NaN
1407139056,NaN,NaN,NaN,0,470.178571429
1407139211,NaN,NaN,761,NaN,NaN
1407139351,8.03866666667,9.05866666667,NaN,NaN,NaN
1407139352,NaN,NaN,NaN,657.925925926,0
1407139512,NaN,NaN,540,NaN,NaN
1407139648,NaN,NaN,NaN,55.2142857143,0
1407139651,8.10366666667,6.42433333333,NaN,NaN,NaN
1407139809,NaN,NaN,691,NaN,NaN
1407139949,NaN,NaN,NaN,190,0
1407139951,5.084,7.11566666667,NaN,NaN,NaN
1407140111,NaN,NaN,651,NaN,NaN
1407140250,NaN,NaN,NaN,143.214285714,0
1407140251,7.68366666667,8.47033333333,NaN,NaN,NaN
1407140423,NaN,NaN,726,NaN,NaN
1407140551,6.23166666667,6.22266666667,NaN,263.928571429,0
1407140707,NaN,NaN,761,NaN,NaN
1407140851,7.35533333333,7.43966666667,NaN,NaN,NaN
1407140852,NaN,NaN,NaN,272.142857143,0
1407141019,NaN,NaN,786,NaN,NaN
1407141151,11.443,13.371,NaN,NaN,NaN
1407141153,NaN,NaN,NaN,260,0
1407141311,NaN,NaN,891,NaN,NaN
1407141451,7.63166666667,11.352,NaN,NaN,NaN
1407141454,NaN,NaN,NaN,376.785714286,0
1407141616,NaN,NaN,722,NaN,NaN
1407141752,5.96312292359,12.0332225914,NaN,NaN,NaN
1407141755,NaN,NaN,NaN,107.857142857,0
1407141910,NaN,NaN,477,NaN,NaN
1407142052,14.7616666667,16.0633333333,NaN,NaN,NaN
1407142055,NaN,NaN,NaN,0,182.857142857
1407142214,NaN,NaN,274,NaN,NaN
1407142352,15.4234113712,13.989632107,NaN,NaN,NaN
1407142356,NaN,NaN,NaN,0,361.785714286
1407142525,NaN,NaN,352,NaN,NaN
1407142652,7.80398671096,9.27607973422,NaN,0,107.037037037
1407142812,NaN,NaN,335,NaN,NaN
1407142948,NaN,NaN,NaN,0,336.071428571
1407142952,8.995,15.8403333333,NaN,NaN,NaN
1407143114,NaN,NaN,130,NaN,NaN
1407143250,NaN,NaN,NaN,0,491.428571429
1407143252,15.9866220736,13.1010033445,NaN,NaN,NaN
1407143410,NaN,NaN,103,NaN,NaN
1407143551,5.67666666667,8.199,NaN,0,383.928571429
1407143712,NaN,NaN,73,NaN,NaN
1407143852,7.0096345515,7.8488372093,NaN,0,385
1407144013,NaN,NaN,71,NaN,NaN
1407144152,7.92066666667,9.69866666667,NaN,NaN,NaN
1407144153,NaN,NaN,NaN,0,438.571428571
1407144307,NaN,NaN,144,NaN,NaN
1407144451,7.61233333333,31.7626666667,NaN,NaN,NaN
1407144454,NaN,NaN,NaN,0,793.928571429
1407144610,NaN,NaN,218,NaN,NaN
1407144751,3.04849498328,1535.49197324,NaN,NaN,NaN
1407144755,NaN,NaN,NaN,0,599.892857143
1407144908,NaN,NaN,274,NaN,NaN
1407145051,0,980.811960133,NaN,NaN,NaN
1407145056,NaN,NaN,NaN,2425.57142857,0
1407145207,NaN,NaN,254,NaN,NaN
1407145351,0,824.162,NaN,NaN,NaN
1407145352,NaN,NaN,NaN,0,1122.44444444
1407145508,NaN,NaN,333,NaN,NaN
1407145648,NaN,NaN,NaN,0,2046.53571429
1407145651,0,779.943,NaN,NaN,NaN
1407145811,NaN,NaN,492,NaN,NaN
1407145949,NaN,NaN,NaN,530,0
1407145951,0,677.459,NaN,NaN,NaN
1407146108,NaN,NaN,577,NaN,NaN
1407146250,NaN,NaN,NaN,725.607142857,0
1407146251,5.621,589.710666667,NaN,NaN,NaN
1407146409,NaN,NaN,691,NaN,NaN
1407146550,NaN,NaN,NaN,191.071428571,0
1407146551,13.692,28.5053333333,NaN,NaN,NaN
1407146711,NaN,NaN,775,NaN,NaN
1407146851,5.37666666667,7.24933333333,NaN,250,0
1407147009,NaN,NaN,820,NaN,NaN
1407147151,6.90266666667,6.69133333333,NaN,NaN,NaN
1407147152,NaN,NaN,NaN,349.642857143,0
1407147310,NaN,NaN,819,NaN,NaN
1407147451,5.15133333333,5.82466666667,NaN,NaN,NaN
1407147453,NaN,NaN,NaN,365,0
1407147607,NaN,NaN,853,NaN,NaN
1407147752,5.86212624585,5.89202657807,NaN,NaN,NaN
1407147754,NaN,NaN,NaN,422.857142857,0
1407147910,NaN,NaN,916,NaN,NaN
1407148052,4.90969899666,6.98461538462,NaN,NaN,NaN
1407148055,NaN,NaN,NaN,453.571428571,0
1407148213,NaN,NaN,916,NaN,NaN
1407148352,6.28438538206,4.81096345515,NaN,NaN,NaN
1407148356,NaN,NaN,NaN,496.428571429,0
1407148511,NaN,NaN,1058,NaN,NaN
1407148652,7.41872909699,5.19130434783,NaN,678.148148148,0
1407148806,NaN,NaN,1263,NaN,NaN
1407148948,NaN,NaN,NaN,958.214285714,0
1407148952,9.30431893688,5.31827242525,NaN,NaN,NaN
1407149114,NaN,NaN,1868,NaN,NaN
1407149249,NaN,NaN,NaN,1852.5,0
1407149251,13.7662207358,8.27826086957,NaN,NaN,NaN
1407149409,NaN,NaN,2398,NaN,NaN
1407149550,3.071,19.528,NaN,852.857142857,0
1407149721,NaN,NaN,1004,NaN,NaN
1407149850,5.21666666667,6.34633333333,NaN,NaN,NaN
1407149851,NaN,NaN,NaN,524.642857143,0
1407150006,NaN,NaN,1014,NaN,NaN
1407150151,13.6853820598,5.71129568106,NaN,636.785714286,0
1407150312,NaN,NaN,1860,NaN,NaN
1407150451,380.959666667,1203.01866667,NaN,NaN,NaN
1407150452,NaN,NaN,NaN,371.428571429,0
1407150607,NaN,NaN,2729,NaN,NaN
1407150751,59.829,59.447,NaN,NaN,NaN
1407150753,NaN,NaN,NaN,2775.71428571,0
1407150916,NaN,NaN,2547,NaN,NaN
1407151051,14.1466666667,24.474,NaN,NaN,NaN
1407151054,NaN,NaN,NaN,1687.14285714,0
1407151208,NaN,NaN,1891,NaN,NaN
1407151351,31.1913333333,21.5396666667,NaN,NaN,NaN
1407151355,NaN,NaN,NaN,2423.21428571,0
1407151511,NaN,NaN,2982,NaN,NaN
1407151651,44.2743333333,37.37,NaN,NaN,NaN
1407151656,NaN,NaN,NaN,2235.71428571,0
1407151807,NaN,NaN,3462,NaN,NaN
1407151951,9.01566666667,35.94,NaN,1571.48148148,0
1407152109,NaN,NaN,1095,NaN,NaN
1407152247,NaN,NaN,NaN,1490.35714286,0
1407152251,29.987,16.266,NaN,NaN,NaN
1407152416,NaN,NaN,2422,NaN,NaN
1407152548,NaN,NaN,NaN,2421.78571429,0
1407152551,51.993,48.3646666667,NaN,NaN,NaN
1407152706,NaN,NaN,3138,NaN,NaN
1407152849,NaN,NaN,NaN,1920.71428571,0
1407152852,24.8299003322,27.8009966777,NaN,NaN,NaN
1407153011,NaN,NaN,3095,NaN,NaN
1407153150,NaN,NaN,NaN,2243.21428571,0
1407153152,16.8986622074,24.6217391304,NaN,NaN,NaN
1407153309,NaN,NaN,2389,NaN,NaN
1407153451,NaN,NaN,NaN,2604.28571429,0
1407153452,37.5651162791,25.2225913621,NaN,NaN,NaN
1407153607,NaN,NaN,3761,NaN,NaN
1407153752,28.8662207358,35.7876254181,NaN,2883.57142857,0
1407153909,NaN,NaN,3107,NaN,NaN
1407154051,75.194,67.318,NaN,NaN,NaN
1407154053,NaN,NaN,NaN,2556.78571429,0
1407154206,NaN,NaN,3970,NaN,NaN
1407154351,17.5887043189,35.1558139535,NaN,NaN,NaN
1407154355,NaN,NaN,NaN,1820,0
1407154507,NaN,NaN,3963,NaN,NaN
1407154651,62.703,66.088,NaN,NaN,NaN
1407154656,NaN,NaN,NaN,1390.71428571,0
1407154817,NaN,NaN,3963,NaN,NaN
1407154951,13.5156666667,43.446,NaN,NaN,NaN
1407154956,NaN,NaN,NaN,394.285714286,0
1407155124,NaN,NaN,1208,NaN,NaN
1407155251,32.7563333333,21.013,NaN,NaN,NaN
1407155253,NaN,NaN,NaN,771.851851852,0
1407155410,NaN,NaN,2553,NaN,NaN
1407155548,NaN,NaN,NaN,0,639.285714286
1407155551,32.8736666667,48.3583333333,NaN,NaN,NaN
1407155711,NaN,NaN,1717,NaN,NaN
1407155849,NaN,NaN,NaN,207.5,0
1407155851,66.2176666667,45.8633333333,NaN,NaN,NaN
1407156011,NaN,NaN,1753,NaN,NaN
1407156150,NaN,NaN,NaN,2201.78571429,0
1407156151,50.4933333333,44.2356666667,NaN,NaN,NaN
1407156322,NaN,NaN,2303,NaN,NaN
1407156451,14.388,17.0543333333,NaN,1489.28571429,0
1407156607,NaN,NaN,2151,NaN,NaN
1407156751,46.9006666667,31.46,NaN,NaN,NaN
1407156752,NaN,NaN,NaN,2226.07142857,0
1407156907,NaN,NaN,3964,NaN,NaN
1407157051,15.7883333333,33.98,NaN,NaN,NaN
1407157052,NaN,NaN,NaN,1869.64285714,0
1407157210,NaN,NaN,2876,NaN,NaN
1407157351,66.3706666667,64.4816666667,NaN,NaN,NaN
1407157353,NaN,NaN,NaN,2059.28571429,0
1407157508,NaN,NaN,3477,NaN,NaN
1407157651,70.7323333333,79.6656666667,NaN,NaN,NaN
1407157654,NaN,NaN,NaN,2489.28571429,0
1407157814,NaN,NaN,1502,NaN,NaN
1407157951,4.27066666667,9.94933333333,NaN,NaN,NaN
1407157955,NaN,NaN,NaN,722.5,0
1407158114,NaN,NaN,1191,NaN,NaN
1407158252,7.22225913621,5.89667774086,NaN,NaN,NaN
1407158256,NaN,NaN,NaN,665.714285714,0
1407158410,NaN,NaN,1398,NaN,NaN
1407158552,8.8237458194,7.38394648829,NaN,828.518518519,0
1407158709,NaN,NaN,1644,NaN,NaN
1407158848,NaN,NaN,NaN,1168.57142857,0
1407158851,21.0743333333,9.781,NaN,NaN,NaN
1407159022,NaN,NaN,3478,NaN,NaN
1407159149,NaN,NaN,NaN,2463.21428571,0
1407159152,40.6398671096,40.0079734219,NaN,NaN,NaN
1407159309,NaN,NaN,2972,NaN,NaN
1407159450,NaN,NaN,NaN,2502.5,0
1407159452,44.714,48.066,NaN,NaN,NaN
1407159610,NaN,NaN,3964,NaN,NaN
1407159751,44.3433333333,60.6826666667,NaN,1601.07142857,0
1407159907,NaN,NaN,1189,NaN,NaN
1407160051,9.06266666667,11.512,NaN,NaN,NaN
1407160052,NaN,NaN,NaN,677.5,0
1407160210,NaN,NaN,1097,NaN,NaN
1407160351,8.16254180602,8.67859531773,NaN,NaN,NaN
1407160353,NaN,NaN,NaN,348.214285714,0
1407160524,NaN,NaN,1534,NaN,NaN
1407160651,10.7850498339,13.4122923588,NaN,NaN,NaN
1407160655,NaN,NaN,NaN,504.642857143,0
1407160807,NaN,NaN,1056,NaN,NaN
1407160951,5.22833333333,11.0566666667,NaN,NaN,NaN
1407160955,NaN,NaN,NaN,297.142857143,0
1407161107,NaN,NaN,750,NaN,NaN
1407161252,6.5877076412,6.2877076412,NaN,NaN,NaN
1407161257,NaN,NaN,NaN,149.642857143,0
1407161410,NaN,NaN,688,NaN,NaN
1407161552,11.0160535117,2.66287625418,NaN,NaN,NaN
1407161553,NaN,NaN,NaN,498.888888889,0
1407161706,NaN,NaN,1538,NaN,NaN
1407161849,NaN,NaN,NaN,1953.92857143,0
1407161851,44.812,20.4573333333,NaN,NaN,NaN
1407162012,NaN,NaN,4031,NaN,NaN
1407162150,NaN,NaN,NaN,2511.07142857,0
1407162151,26.5046666667,44.7663333333,NaN,NaN,NaN
1407162306,NaN,NaN,2277,NaN,NaN
1407162451,30.781,37.332,NaN,1076.42857143,0
1407162607,NaN,NaN,1643,NaN,NaN
1407162751,27.6633333333,31.6746666667,NaN,881.785714286,0
1407162908,NaN,NaN,1506,NaN,NaN
1407163052,15.8166112957,11.7332225914,NaN,1431.78571429,0
1407163217,NaN,NaN,1920,NaN,NaN
1407163352,3.58366666667,15.6973333333,NaN,NaN,NaN
1407163353,NaN,NaN,NaN,766.428571429,0
1407163517,NaN,NaN,1152,NaN,NaN
1407163652,4.36166666667,10.6313333333,NaN,NaN,NaN
1407163654,NaN,NaN,NaN,264.857142857,0
1407163808,NaN,NaN,664,NaN,NaN
1407163952,7.34966666667,11.748,NaN,NaN,NaN
1407163955,NaN,NaN,NaN,0,829.142857143
1407164113,NaN,NaN,482,NaN,NaN
1407164252,7.01366666667,9.128,NaN,NaN,NaN
1407164256,NaN,NaN,NaN,0,275
1407164424,NaN,NaN,462,NaN,NaN
1407164552,5.738,7.912,NaN,NaN,NaN
1407164553,NaN,NaN,NaN,0,278.888888889
1407164707,NaN,NaN,470,NaN,NaN
1407164849,NaN,NaN,NaN,0,299.285714286
1407164851,10.5716666667,9.249,NaN,NaN,NaN
1407165010,NaN,NaN,457,NaN,NaN
1407165149,NaN,NaN,NaN,0,140.714285714
1407165151,5.52533333333,7.22166666667,NaN,NaN,NaN
1407165307,NaN,NaN,426,NaN,NaN
1407165450,NaN,NaN,NaN,0,164.642857143
1407165451,8.71733333333,8.749,NaN,NaN,NaN
1407165608,NaN,NaN,395,NaN,NaN
1407165751,8.45366666667,9.44866666667,NaN,0,101.785714286
1407165915,NaN,NaN,363,NaN,NaN
1407166051,6.29598662207,7.55819397993,NaN,NaN,NaN
1407166052,NaN,NaN,NaN,0,92.1428571429
1407166210,NaN,NaN,328,NaN,NaN
1407166351,11.0196013289,13.0581395349,NaN,NaN,NaN
1407166354,NaN,NaN,NaN,0,334.642857143
1407166507,NaN,NaN,303,NaN,NaN
1407166651,5.78933333333,6.37833333333,NaN,NaN,NaN
1407166655,NaN,NaN,NaN,0,151.071428571
1407166809,NaN,NaN,282,NaN,NaN
1407166951,6.00866666667,9.677,NaN,NaN,NaN
1407166956,NaN,NaN,NaN,0,238.571428571
1407167113,NaN,NaN,260,NaN,NaN
1407167251,11.9733333333,11.4326666667,NaN,NaN,NaN
1407167252,NaN,NaN,NaN,0,283.333333333
1407167420,NaN,NaN,275,NaN,NaN
1407167548,NaN,NaN,NaN,0,499.285714286
1407167551,8.48533333333,12.9673333333,NaN,NaN,NaN
1407167709,NaN,NaN,229,NaN,NaN
1407167849,NaN,NaN,NaN,0,698.571428571
1407167851,13.6856666667,16.3736666667,NaN,NaN,NaN
1407168008,NaN,NaN,228,NaN,NaN
1407168150,NaN,NaN,NaN,0,603.928571429
1407168152,6.94186046512,10.7089700997,NaN,NaN,NaN
1407168311,NaN,NaN,283,NaN,NaN
1407168451,NaN,NaN,NaN,0,665
1407168452,7.3110367893,6.60702341137,NaN,NaN,NaN
1407168616,NaN,NaN,340,NaN,NaN
1407168751,7.94766666667,10.3993333333,NaN,NaN,NaN
1407168753,NaN,NaN,NaN,0,584.642857143
1407168911,NaN,NaN,371,NaN,NaN
1407169051,8.88233333333,10.0246666667,NaN,NaN,NaN
1407169054,NaN,NaN,NaN,0,809.285714286
1407169209,NaN,NaN,385,NaN,NaN
1407169351,NaN,NaN,NaN,0,681.111111111
1407169352,16.1239202658,15.4019933555,NaN,NaN,NaN
1407169508,NaN,NaN,413,NaN,NaN
1407169648,NaN,NaN,NaN,0,562.5
1407169652,16.6326666667,14.898,NaN,NaN,NaN
1407169807,NaN,NaN,474,NaN,NaN
1407169950,NaN,NaN,NaN,0,430.357142857
1407169951,13.4177257525,12.9204013378,NaN,NaN,NaN
1407170119,NaN,NaN,455,NaN,NaN
1407170251,7.126910299,11.9302325581,NaN,0,506.785714286
1407170407,NaN,NaN,404,NaN,NaN
1407170551,14.0206666667,11.8876666667,NaN,NaN,NaN
1407170552,NaN,NaN,NaN,0,501.785714286
1407170707,NaN,NaN,404,NaN,NaN
1407170851,5.09264214047,6.71739130435,NaN,NaN,NaN
1407170853,NaN,NaN,NaN,0,372.142857143
1407171007,NaN,NaN,374,NaN,NaN
1407171151,6.72823920266,6.5853820598,NaN,NaN,NaN
1407171154,NaN,NaN,NaN,0,339.285714286
1407171321,NaN,NaN,456,NaN,NaN
1407171451,7.427,8.94933333333,NaN,NaN,NaN
1407171455,NaN,NaN,NaN,0,282.5
1407171607,NaN,NaN,539,NaN,NaN
1407171751,6.099,7.50533333333,NaN,NaN,NaN
1407171756,NaN,NaN,NaN,0,237.857142857
1407171914,NaN,NaN,498,NaN,NaN
1407172052,10.577076412,12.9159468439,NaN,NaN,NaN
1407172057,NaN,NaN,NaN,0,417.857142857
1407172209,NaN,NaN,467,NaN,NaN
1407172352,5.9364548495,7.01906354515,NaN,NaN,NaN
1407172353,NaN,NaN,NaN,0,411.851851852
1407172508,NaN,NaN,394,NaN,NaN
1407172649,NaN,NaN,NaN,0,453.928571429
1407172651,5.83933333333,7.60533333333,NaN,NaN,NaN
1407172819,NaN,NaN,336,NaN,NaN
1407172950,NaN,NaN,NaN,0,519.285714286
1407172951,6.89133333333,8.963,NaN,NaN,NaN
1407173110,NaN,NaN,288,NaN,NaN
1407173251,5.92866666667,6.525,NaN,0,565.357142857
1407173408,NaN,NaN,248,NaN,NaN
1407173551,5.548,6.56866666667,NaN,0,595.357142857
1407173706,NaN,NaN,208,NaN,NaN
1407173852,5.09136212625,6.98671096346,NaN,0,617.5
1407174011,NaN,NaN,182,NaN,NaN
1407174152,5.2983277592,7.05886287625,NaN,NaN,NaN
1407174153,NaN,NaN,NaN,0,607.5
1407174320,NaN,NaN,118,NaN,NaN
1407174452,7.85149501661,10.0196013289,NaN,NaN,NaN
1407174454,NaN,NaN,NaN,0,666.785714286
1407174618,NaN,NaN,75,NaN,NaN
1407174752,10.252,12.996,NaN,NaN,NaN
1407174755,NaN,NaN,NaN,0,803.928571429
1407175051,8.10401337793,8.84882943144,NaN,0,828.888888889
1407175348,NaN,NaN,NaN,0,804.642857143
1407175351,6.63588039867,6.5584717608,NaN,NaN,NaN
1407175650,NaN,NaN,NaN,0,767.857142857
1407175651,5.36566666667,7.096,NaN,NaN,NaN
1407175821,NaN,NaN,0,NaN,NaN
1407175951,6.19,11.5733333333,NaN,NaN,NaN
1407175952,NaN,NaN,NaN,0,947.142857143
1407176251,7.93133333333,12.2083333333,NaN,NaN,NaN
1407176254,NaN,NaN,NaN,0,1214.28571429
1407176408,NaN,NaN,0,NaN,NaN
1407176551,9.41133333333,9.606,NaN,NaN,NaN
1407176555,NaN,NaN,NaN,0,1355
1407176851,9.158,11.9866666667,NaN,NaN,NaN
1407176852,NaN,NaN,NaN,0,1390
1407177023,NaN,NaN,0,NaN,NaN
1407177149,NaN,NaN,NaN,0,1482.5
1407177151,14.8663333333,13.8953333333,NaN,NaN,NaN
1407177451,7.72433333333,8.94866666667,NaN,0,1346.07142857
1407177611,NaN,NaN,0,NaN,NaN
1407177752,8.94053156146,9.49368770764,NaN,NaN,NaN
1407177753,NaN,NaN,NaN,0,1348.21428571
1407178052,7.39230769231,8.54414715719,NaN,NaN,NaN
1407178055,NaN,NaN,NaN,0,1228.92857143
1407178351,7.28166666667,9.531,NaN,NaN,NaN
1407178352,NaN,NaN,NaN,0,1242.22222222
1407178649,NaN,NaN,NaN,0,1348.21428571
1407178652,7.39634551495,10.3495016611,NaN,NaN,NaN
1407178950,NaN,NaN,NaN,0,1444.28571429
1407178952,9.54180602007,9.14515050167,NaN,NaN,NaN
1407179252,6.70431893688,7.44916943522,NaN,0,1385
1407179552,9.28428093645,9.02842809365,NaN,NaN,NaN
1407179553,NaN,NaN,NaN,0,1293.21428571
1407179852,7.94451827243,9.71196013289,NaN,NaN,NaN
1407179854,NaN,NaN,NaN,0,1263.92857143
1407180152,7.57533333333,8.767,NaN,NaN,NaN
1407180155,NaN,NaN,NaN,0,1226.07142857
1407180451,5.71906354515,7.45284280936,NaN,NaN,NaN
1407180456,NaN,NaN,NaN,0,1300
1407180751,6.95149501661,8.22790697674,NaN,NaN,NaN
1407180756,NaN,NaN,NaN,0,1305.71428571
1407181051,4.881,7.34933333333,NaN,NaN,NaN
1407181052,NaN,NaN,NaN,0,1284.44444444
1407181348,NaN,NaN,NaN,0,1262.14285714
1407181351,5.08866666667,6.292,NaN,NaN,NaN
1407181649,NaN,NaN,NaN,0,1232.5
1407181651,5.17566666667,6.74133333333,NaN,NaN,NaN
1407181950,NaN,NaN,NaN,0,1162.14285714
1407181951,6.244,5.08133333333,NaN,NaN,NaN
1407182251,4.80666666667,7.068,NaN,0,1128.92857143
1407182551,7.586,5.519,NaN,NaN,NaN
1407182552,NaN,NaN,NaN,0,1142.5
1407182851,5.03766666667,6.602,NaN,NaN,NaN
1407182852,NaN,NaN,NaN,0,1142.14285714
1407183151,8.19066666667,10.5676666667,NaN,NaN,NaN
1407183153,NaN,NaN,NaN,0,1039.28571429
1407183451,4.76866666667,6.747,NaN,NaN,NaN
1407183454,NaN,NaN,NaN,0,1054.64285714
1407183752,5.66478405316,6.92093023256,NaN,NaN,NaN
1407183755,NaN,NaN,NaN,0,1072.85714286
1407184052,7.60100334448,6.16321070234,NaN,NaN,NaN
1407184056,NaN,NaN,NaN,0,976.785714286
1407184351,7.71,7.82066666667,NaN,0,955.185185185
1407184648,NaN,NaN,NaN,0,1003.92857143
1407184652,8.89368770764,11.3833887043,NaN,NaN,NaN
1407184948,NaN,NaN,NaN,0,996.428571429
1407184952,8.17424749164,9.63678929766,NaN,NaN,NaN
1407185249,NaN,NaN,NaN,0,889.285714286
1407185251,8.85182724252,7.25049833887,NaN,NaN,NaN
1407185551,5.26166666667,6.379,NaN,0,695.714285714
1407185851,4.75866666667,5.44866666667,NaN,0,645
1407186151,3.53311036789,357.451839465,NaN,NaN,NaN
1407186152,NaN,NaN,NaN,0,318.571428571
1407186451,0,552.639202658,NaN,NaN,NaN
1407186454,NaN,NaN,NaN,7.75,0
1407186751,0,548.790333333,NaN,NaN,NaN
1407186754,NaN,NaN,NaN,0,474.535714286
1407187051,0,545.249666667,NaN,NaN,NaN
1407187056,NaN,NaN,NaN,0,954.571428571
1407187351,0,543.36,NaN,190.407407407,0
1407187647,NaN,NaN,NaN,1150.82142857,0
1407187651,0,542.982,NaN,NaN,NaN
1407187948,NaN,NaN,NaN,0,182.107142857
1407187952,0,544.754152824,NaN,NaN,NaN
1407188249,NaN,NaN,NaN,369.285714286,0
1407188252,0,540.600668896,NaN,NaN,NaN
1407188550,NaN,NaN,NaN,1340.64285714,0
1407188551,0,542.834666667,NaN,NaN,NaN
1407188851,NaN,NaN,NaN,0,1061.85714286
1407188852,0,554.210963455,NaN,NaN,NaN
1407189152,0,643.100666667,NaN,1126.07142857,0
1407189452,0,635.93,NaN,NaN,NaN
1407189453,NaN,NaN,NaN,0,309.428571429
